id;hash;content;url
1;Lodge complexity;CSS matrix;https://gianni.net
2;panel Borders;copying pixel Account;https://estelle.com
3;Soap Clothing Car;EXE Technician Account;https://mohammad.biz
4;invoice;calculate sky Hawaii;http://benny.com
5;up full-range;Account Sausages Account;https://jabari.biz
6;Awesome;SCSI infomediaries Berkshire;http://thea.name
7;Chief;Maine Account Mississippi;https://solon.org
8;Indiana Point Minnesota;Movies;http://minnie.com
9;SQL Specialist programming;improvement violet Intelligent;https://frankie.net
10;Uruguay Frozen;redundant Central;https://wilhelmine.net
